{
	"credit": "Made with Blockbench",
	"ambientocclusion": false,
	"textures": {
		"particle": "torch"
	},
	"elements": [
		{
			"from": [-1, 3.5, 7],
			"to": [1, 13.5, 9],
			"shade": false,
			"rotation": {"angle": -22.5, "axis": "z", "origin": [0, 3.5, 8]},
			"faces": {
				"up": {"uv": [7, 5, 9, 7], "texture": "#torch"},
				"down": {"uv": [7, 13, 9, 15], "texture": "#torch"}
			}
		},
		{
			"from": [-1, 3.5, 6],
			"to": [1, 19.5, 10],
			"shade": false,
			"rotation": {"angle": -22.5, "axis": "z", "origin": [0, 3.5, 8]},
			"faces": {
				"east": {"uv": [6, 0, 10, 16], "texture": "#torch"},
				"west": {"uv": [6, 0, 10, 16], "texture": "#torch"}
			}
		},
		{
			"from": [-2, 3.5, 7],
			"to": [2, 19.5, 9],
			"shade": false,
			"rotation": {"angle": -22.5, "axis": "z", "origin": [0, 3.5, 8]},
			"faces": {
				"north": {"uv": [6, 0, 10, 16], "texture": "#torch"},
				"south": {"uv": [6, 0, 10, 16], "texture": "#torch"}
			}
		}
	]
}