{
  "model": {
    "type": "minecraft:select",
    "property": "minecraft:component",
    "predicate": "minecraft:custom_data",
    "model": "",
    "component": "minecraft:custom_name",
    "cases": [
      {
        "when": [
          "Iron Coin"
        ],
        "model": {
          "type": "minecraft:model",
          "model": "minecraft:item/lavidacraft/iron_nugget"
        }
      }
    ],
    "fallback": {
      "type": "minecraft:model",
      "model": "minecraft:item/iron_nugget"
    }
  }
}