{
	"parent": "block/block",
	"textures": {
		"2": "block/chorus_disc",
		"bottom": "block/chorus_plant",
		"flower": "block/chorus_petal",
		"particle": "block/chorus_flower",
		"side": "block/chorus_flower"
	},
	"elements": [
		{
			"from": [2, 14, 2],
			"to": [14, 16, 14],
			"faces": {
				"north": {"uv": [2, 0, 14, 2], "texture": "#bottom"},
				"east": {"uv": [2, 0, 14, 2], "texture": "#bottom"},
				"south": {"uv": [2, 0, 14, 2], "texture": "#bottom"},
				"west": {"uv": [2, 0, 14, 2], "texture": "#bottom"},
				"up": {"uv": [2, 2, 14, 14], "texture": "#2"}
			}
		},
		{
			"from": [9, 16, 0],
			"to": [25, 16, 16],
			"rotation": {"angle": 22.5, "axis": "z", "origin": [9, 16, 8]},
			"faces": {
				"up": {"uv": [0, 0, 16, 16], "rotation": 90, "texture": "#flower"},
				"down": {"uv": [0, 0, 16, 16], "rotation": 90, "texture": "#flower"}
			}
		},
		{
			"from": [0, 16, 9],
			"to": [16, 16, 25],
			"rotation": {"angle": -22.5, "axis": "x", "origin": [8, 16, 9]},
			"faces": {
				"up": {"uv": [0, 0, 16, 16], "rotation": 180, "texture": "#flower"},
				"down": {"uv": [0, 0, 16, 16], "texture": "#flower"}
			}
		},
		{
			"from": [-8, 16, 0],
			"to": [7, 16, 16],
			"rotation": {"angle": -22.5, "axis": "z", "origin": [7, 16, 8]},
			"faces": {
				"up": {"uv": [0, 0, 16, 16], "rotation": 270, "texture": "#flower"},
				"down": {"uv": [0, 0, 16, 16], "rotation": 270, "texture": "#flower"}
			}
		},
		{
			"from": [0, 16, -9],
			"to": [16, 16, 7],
			"rotation": {"angle": 22.5, "axis": "x", "origin": [8, 16, 7]},
			"faces": {
				"up": {"uv": [0, 0, 16, 16], "texture": "#flower"},
				"down": {"uv": [0, 0, 16, 16], "rotation": 180, "texture": "#flower"}
			}
		},
		{
			"from": [0, 2, 2],
			"to": [2, 14, 14],
			"faces": {
				"north": {"uv": [14, 2, 16, 14], "texture": "#bottom"},
				"south": {"uv": [0, 2, 2, 14], "texture": "#bottom"},
				"west": {"uv": [2, 2, 14, 14], "texture": "#side"},
				"up": {"uv": [0, 2, 2, 14], "texture": "#bottom"},
				"down": {"uv": [16, 14, 14, 2], "texture": "#bottom"}
			}
		},
		{
			"from": [2, 2, 0],
			"to": [14, 14, 2],
			"faces": {
				"north": {"uv": [2, 2, 14, 14], "texture": "#side"},
				"east": {"uv": [14, 2, 16, 14], "texture": "#bottom"},
				"west": {"uv": [0, 2, 2, 14], "texture": "#bottom"},
				"up": {"uv": [2, 0, 14, 2], "texture": "#bottom"},
				"down": {"uv": [14, 2, 2, 0], "texture": "#bottom"}
			}
		},
		{
			"from": [2, 2, 14],
			"to": [14, 14, 16],
			"faces": {
				"east": {"uv": [0, 2, 2, 14], "texture": "#bottom"},
				"south": {"uv": [2, 2, 14, 14], "texture": "#side"},
				"west": {"uv": [14, 2, 16, 14], "texture": "#bottom"},
				"up": {"uv": [2, 14, 14, 16], "texture": "#bottom"},
				"down": {"uv": [14, 16, 2, 14], "texture": "#bottom"}
			}
		},
		{
			"from": [14, 2, 2],
			"to": [16, 14, 14],
			"faces": {
				"north": {"uv": [0, 2, 2, 14], "texture": "#bottom"},
				"east": {"uv": [2, 2, 14, 14], "texture": "#side"},
				"south": {"uv": [14, 2, 16, 14], "texture": "#bottom"},
				"up": {"uv": [14, 2, 16, 14], "texture": "#bottom"},
				"down": {"uv": [2, 14, 0, 2], "texture": "#bottom"}
			}
		},
		{
			"from": [2, 0, 2],
			"to": [14, 14, 14],
			"faces": {
				"north": {"uv": [2, 2, 14, 16], "texture": "#bottom"},
				"east": {"uv": [2, 2, 14, 16], "texture": "#bottom"},
				"south": {"uv": [2, 2, 14, 16], "texture": "#bottom"},
				"west": {"uv": [2, 2, 14, 16], "texture": "#bottom"},
				"up": {"uv": [2, 2, 14, 14], "texture": "#bottom"},
				"down": {"uv": [14, 14, 2, 2], "texture": "#bottom"}
			}
		}
	],
	"display": {
		"thirdperson_righthand": {
			"scale": [0.5, 0.5, 0.5]
		}
	}
}