{
	"ambientocclusion": false,
	"textures": {
		"particle": "#torch"
	},
	"elements": [
		{
			"from": [7, 0, 7],
			"to": [9, 10, 9],
			"shade": false,
			"faces": {
				"up": {"uv": [7, 5, 9, 7], "texture": "#torch"},
				"down": {"uv": [7, 13, 9, 15], "texture": "#torch"}
			}
		},
		{
			"from": [7, 0, 6],
			"to": [9, 16, 10],
			"shade": false,
			"faces": {
				"east": {"uv": [6, 0, 10, 16], "texture": "#torch"},
				"west": {"uv": [6, 0, 10, 16], "texture": "#torch"}
			}
		},
		{
			"from": [6, 0, 7],
			"to": [10, 16, 9],
			"shade": false,
			"faces": {
				"north": {"uv": [6, 0, 10, 16], "texture": "#torch"},
				"south": {"uv": [6, 0, 10, 16], "texture": "#torch"}
			}
		}
	]
}