{
	"credit": "Lad_Flaver, Made with Blockbench",
	"ambientocclusion": false,
	"textures": {
		"metal": "#metal",
		"particle": "#torch"
	},
	"elements": [
		{
			"name": "metal_outer",
			"from": [-1.5, 11.5, 6.5],
			"to": [1.5, 13.5, 9.5],
			"rotation": {"angle": -22.5, "axis": "z", "origin": [0, 3.5, 8]},
			"faces": {
				"north": {"uv": [0, 0, 3, 2], "texture": "#metal"},
				"east": {"uv": [0, 0, 3, 2], "texture": "#metal"},
				"south": {"uv": [0, 0, 3, 2], "texture": "#metal"},
				"west": {"uv": [0, 0, 3, 2], "texture": "#metal"},
				"down": {"uv": [0, 2, 3, 5], "texture": "#metal"}
			}
		},
		{
			"name": "metal_inner",
			"from": [-1.5, 11.5, 9.5],
			"to": [1.5, 13.5, 6.5],
			"rotation": {"angle": -22.5, "axis": "z", "origin": [0, 3.5, 8]},
			"faces": {
				"north": {"uv": [0, 0, 3, 2], "texture": "#metal"},
				"east": {"uv": [0, 0, 3, 2], "texture": "#metal"},
				"south": {"uv": [0, 0, 3, 2], "texture": "#metal"},
				"west": {"uv": [0, 0, 3, 2], "texture": "#metal"},
				"down": {"uv": [0, 2, 3, 5], "texture": "#metal"}
			}
		},
		{
			"name": "torch",
			"from": [-1, 3.5, 7],
			"to": [1, 13.5, 9],
			"rotation": {"angle": -22.5, "axis": "z", "origin": [0, 3.5, 0]},
			"faces": {
				"north": {"uv": [7, 6, 9, 16], "texture": "#torch"},
				"east": {"uv": [7, 6, 9, 16], "texture": "#torch"},
				"south": {"uv": [7, 6, 9, 16], "texture": "#torch"},
				"west": {"uv": [7, 6, 9, 16], "texture": "#torch"},
				"up": {"uv": [7, 6, 9, 8], "texture": "#torch"},
				"down": {"uv": [7, 14, 9, 16], "texture": "#torch"}
			}
		},
		{
			"name": "torch_flame_2",
			"from": [3.87, 12.5, 4.5],
			"to": [3.87, 18.5, 11.5],
			"rotation": {"angle": -45, "axis": "y", "origin": [4, 3, 8]},
			"faces": {
				"east": {"uv": [5, 0, 11, 6], "texture": "#torch"},
				"west": {"uv": [5, 0, 11, 6], "texture": "#torch"}
			}
		},
		{
			"name": "torch_flame_1",
			"from": [3.87, 12.5, 4.5],
			"to": [3.87, 18.5, 11.5],
			"rotation": {"angle": 45, "axis": "y", "origin": [4, 3, 8]},
			"faces": {
				"east": {"uv": [5, 0, 11, 6], "texture": "#torch"},
				"west": {"uv": [5, 0, 11, 6], "texture": "#torch"}
			}
		}
	]
}