{
	"format_version": "1.21.6",
	"credit": "Made with Blockbench",
	"parent": "block/block",
	"textures": {
		"particle": "#dirt"
	},
	"elements": [
		{
			"from": [0, 0, 0],
			"to": [16, 15, 16],
			"faces": {
				"north": {"uv": [0, 1, 16, 16], "texture": "#side", "cullface": "north"},
				"east": {"uv": [0, 1, 16, 16], "texture": "#side", "cullface": "east"},
				"south": {"uv": [0, 1, 16, 16], "texture": "#side", "cullface": "south"},
				"west": {"uv": [0, 1, 16, 16], "texture": "#side", "cullface": "west"},
				"up": {"uv": [16, 16, 0, 0], "texture": "#top"},
				"down": {"uv": [16, 0, 0, 16], "texture": "#dirt", "cullface": "down"}
			}
		}
	]
}