{
	"credit": "Lad_Flaver, Made with Blockbench",
	"ambientocclusion": false,
	"textures": {
		"metal": "#metal",
		"particle": "#torch"
	},
	"elements": [
		{
			"name": "metal_outer",
			"from": [6.5, 8, 6.5],
			"to": [9.5, 10, 9.5],
			"faces": {
				"north": {"uv": [0, 0, 3, 2], "texture": "#metal"},
				"east": {"uv": [0, 0, 3, 2], "texture": "#metal"},
				"south": {"uv": [0, 0, 3, 2], "texture": "#metal"},
				"west": {"uv": [0, 0, 3, 2], "texture": "#metal"},
				"down": {"uv": [0, 2, 3, 5], "texture": "#metal"}
			}
		},
		{
			"name": "metal_inner",
			"from": [6.5, 8, 9.5],
			"to": [9.5, 10, 6.5],
			"faces": {
				"north": {"uv": [0, 0, 3, 2], "texture": "#metal"},
				"east": {"uv": [0, 0, 3, 2], "texture": "#metal"},
				"south": {"uv": [0, 0, 3, 2], "texture": "#metal"},
				"west": {"uv": [0, 0, 3, 2], "texture": "#metal"},
				"down": {"uv": [0, 2, 3, 5], "texture": "#metal"}
			}
		},
		{
			"name": "torch_body",
			"from": [7, 0, 7],
			"to": [9, 10, 9],
			"rotation": {"angle": 0, "axis": "y", "origin": [7, 0, 7]},
			"faces": {
				"north": {"uv": [7, 6, 9, 16], "texture": "#torch"},
				"east": {"uv": [7, 6, 9, 16], "texture": "#torch"},
				"south": {"uv": [7, 6, 9, 16], "texture": "#torch"},
				"west": {"uv": [7, 6, 9, 16], "texture": "#torch"},
				"up": {"uv": [7, 6, 9, 8], "texture": "#torch"},
				"down": {"uv": [7, 14, 9, 16], "texture": "#torch", "cullface": "down"}
			}
		},
		{
			"name": "torch_flame_1",
			"from": [8, 10, 4.5],
			"to": [8, 16, 11.5],
			"rotation": {"angle": 45, "axis": "y", "origin": [8, 0, 8]},
			"faces": {
				"east": {"uv": [5, 0, 11, 6], "texture": "#torch"},
				"west": {"uv": [5, 0, 11, 6], "texture": "#torch"}
			}
		},
		{
			"name": "torch_flame_2",
			"from": [8, 10, 4.5],
			"to": [8, 16, 11.5],
			"rotation": {"angle": -45, "axis": "y", "origin": [8, 0, 8]},
			"faces": {
				"east": {"uv": [5, 0, 11, 6], "texture": "#torch"},
				"west": {"uv": [5, 0, 11, 6], "texture": "#torch"}
			}
		}
	]
}